"meantemp","sdtemp","meanTN","sdTN","meanTP","sdTP"
20.3375690607735,3.14605973170916,464.283414364641,262.584687548269,14.3458895027624,9.26547933514207
